[{"model": "contenttypes.contenttype", "pk": 1, "fields": {"app_label": "admin", "model": "logentry"}}, {"model": "contenttypes.contenttype", "pk": 2, "fields": {"app_label": "auth", "model": "permission"}}, {"model": "contenttypes.contenttype", "pk": 3, "fields": {"app_label": "auth", "model": "group"}}, {"model": "contenttypes.contenttype", "pk": 4, "fields": {"app_label": "auth", "model": "user"}}, {"model": "contenttypes.contenttype", "pk": 5, "fields": {"app_label": "contenttypes", "model": "contenttype"}}, {"model": "contenttypes.contenttype", "pk": 6, "fields": {"app_label": "sessions", "model": "session"}}, {"model": "contenttypes.contenttype", "pk": 7, "fields": {"app_label": "emp", "model": "employee"}}, {"model": "contenttypes.contenttype", "pk": 8, "fields": {"app_label": "emp", "model": "existence"}}, {"model": "contenttypes.contenttype", "pk": 9, "fields": {"app_label": "emp", "model": "requests"}}, {"model": "contenttypes.contenttype", "pk": 10, "fields": {"app_label": "emp", "model": "admin"}}, {"model": "contenttypes.contenttype", "pk": 11, "fields": {"app_label": "emp", "model": "news"}}, {"model": "contenttypes.contenttype", "pk": 12, "fields": {"app_label": "emp", "model": "offer"}}, {"model": "contenttypes.contenttype", "pk": 13, "fields": {"app_label": "emp", "model": "flat"}}, {"model": "contenttypes.contenttype", "pk": 14, "fields": {"app_label": "emp", "model": "family"}}, {"model": "contenttypes.contenttype", "pk": 15, "fields": {"app_label": "emp", "model": "compound"}}, {"model": "contenttypes.contenttype", "pk": 16, "fields": {"app_label": "emp", "model": "tower"}}, {"model": "contenttypes.contenttype", "pk": 17, "fields": {"app_label": "emp", "model": "store"}}, {"model": "contenttypes.contenttype", "pk": 18, "fields": {"app_label": "emp", "model": "owner"}}, {"model": "contenttypes.contenttype", "pk": 19, "fields": {"app_label": "emp", "model": "ownershiptower"}}, {"model": "contenttypes.contenttype", "pk": 20, "fields": {"app_label": "emp", "model": "ownershipstore"}}, {"model": "contenttypes.contenttype", "pk": 21, "fields": {"app_label": "emp", "model": "block"}}, {"model": "contenttypes.contenttype", "pk": 22, "fields": {"app_label": "authtoken", "model": "token"}}, {"model": "sessions.session", "pk": "4m29h7mp83jp0m62siph8yk65i9r7b7h", "fields": {"session_data": "YjVhNmEyYThhYTkwZDhiYWUzZTU4OGM5MmI4YzMwYzY3ZmRiMGQ0OTp7Il9hdXRoX3VzZXJfaWQiOiIxIiwiX2F1dGhfdXNlcl9iYWNrZW5kIjoiZGphbmdvLmNvbnRyaWIuYXV0aC5iYWNrZW5kcy5Nb2RlbEJhY2tlbmQiLCJfYXV0aF91c2VyX2hhc2giOiI3OGQ5NmYzZjJjZTFmNWZjOWFmODk3OTc5ZDYyYjQ2NzMzNzg1ZGE2In0=", "expire_date": "2020-07-10T17:50:12.314Z"}}, {"model": "sessions.session", "pk": "6kru85bj91vv8lws2zfpixra7bmp1ja0", "fields": {"session_data": "YjVhNmEyYThhYTkwZDhiYWUzZTU4OGM5MmI4YzMwYzY3ZmRiMGQ0OTp7Il9hdXRoX3VzZXJfaWQiOiIxIiwiX2F1dGhfdXNlcl9iYWNrZW5kIjoiZGphbmdvLmNvbnRyaWIuYXV0aC5iYWNrZW5kcy5Nb2RlbEJhY2tlbmQiLCJfYXV0aF91c2VyX2hhc2giOiI3OGQ5NmYzZjJjZTFmNWZjOWFmODk3OTc5ZDYyYjQ2NzMzNzg1ZGE2In0=", "expire_date": "2020-07-08T22:49:58.271Z"}}, {"model": "sessions.session", "pk": "f4y67flfezlrvxja81on50lis7odds1m", "fields": {"session_data": "YjVhNmEyYThhYTkwZDhiYWUzZTU4OGM5MmI4YzMwYzY3ZmRiMGQ0OTp7Il9hdXRoX3VzZXJfaWQiOiIxIiwiX2F1dGhfdXNlcl9iYWNrZW5kIjoiZGphbmdvLmNvbnRyaWIuYXV0aC5iYWNrZW5kcy5Nb2RlbEJhY2tlbmQiLCJfYXV0aF91c2VyX2hhc2giOiI3OGQ5NmYzZjJjZTFmNWZjOWFmODk3OTc5ZDYyYjQ2NzMzNzg1ZGE2In0=", "expire_date": "2020-07-07T22:29:24.711Z"}}, {"model": "sessions.session", "pk": "tax4sa2w9ljdw0pbztqu7m75ladzc6h9", "fields": {"session_data": "YjVhNmEyYThhYTkwZDhiYWUzZTU4OGM5MmI4YzMwYzY3ZmRiMGQ0OTp7Il9hdXRoX3VzZXJfaWQiOiIxIiwiX2F1dGhfdXNlcl9iYWNrZW5kIjoiZGphbmdvLmNvbnRyaWIuYXV0aC5iYWNrZW5kcy5Nb2RlbEJhY2tlbmQiLCJfYXV0aF91c2VyX2hhc2giOiI3OGQ5NmYzZjJjZTFmNWZjOWFmODk3OTc5ZDYyYjQ2NzMzNzg1ZGE2In0=", "expire_date": "2020-07-12T10:15:37.661Z"}}, {"model": "sessions.session", "pk": "vg88fp8p5g2sv7m8pvreoxizw2isor54", "fields": {"session_data": "YjVhNmEyYThhYTkwZDhiYWUzZTU4OGM5MmI4YzMwYzY3ZmRiMGQ0OTp7Il9hdXRoX3VzZXJfaWQiOiIxIiwiX2F1dGhfdXNlcl9iYWNrZW5kIjoiZGphbmdvLmNvbnRyaWIuYXV0aC5iYWNrZW5kcy5Nb2RlbEJhY2tlbmQiLCJfYXV0aF91c2VyX2hhc2giOiI3OGQ5NmYzZjJjZTFmNWZjOWFmODk3OTc5ZDYyYjQ2NzMzNzg1ZGE2In0=", "expire_date": "2020-07-07T01:28:52.879Z"}}, {"model": "emp.employee", "pk": 1, "fields": {"NID": "12345678912345", "Name": "new employee", "Address": "ain shams", "Proof": "images/12834996_1042333659185438_1535761737_n_dKqM3EI.jpg", "Birthdate": "2020-06-21", "jobDesc": "emp emp", "Mobile": "01027905444", "DSL": "0224911143", "Avatar": "images/11220801_1757115814503080_283062240645329526_n.jpg"}}, {"model": "emp.requests", "pk": 4, "fields": {"Title": "test", "Desc": "sss", "Type": "request", "created_date": "2020-06-29T04:52:00Z", "Replied": false, "Action": null, "Email": "aaa@a.com", "Mobile": "01027905444"}}, {"model": "emp.requests", "pk": 5, "fields": {"Title": "test", "Desc": "sss", "Type": "request", "created_date": "2020-06-29T04:52:00Z", "Replied": false, "Action": null, "Email": "aaa@a.com", "Mobile": "01027905444"}}, {"model": "emp.requests", "pk": 6, "fields": {"Title": "test", "Desc": "sss", "Type": "request", "created_date": "2020-06-28T04:52:00Z", "Replied": false, "Action": null, "Email": "aaa@a.com", "Mobile": "01027905444"}}, {"model": "emp.requests", "pk": 7, "fields": {"Title": "test date", "Desc": "test date", "Type": "request", "created_date": "2020-06-29T05:47:00Z", "Replied": false, "Action": null, "Email": "m@m.com", "Mobile": "01027905444"}}, {"model": "emp.requests", "pk": 8, "fields": {"Title": "test", "Desc": "aa", "Type": "request", "created_date": "2020-06-29T05:59:00Z", "Replied": false, "Action": null, "Email": "a@a.com", "Mobile": "01027905444"}}, {"model": "emp.requests", "pk": 9, "fields": {"Title": "aa", "Desc": "asd", "Type": "request", "created_date": "2020-06-29T05:59:00Z", "Replied": false, "Action": null, "Email": "a@a.com", "Mobile": "01027905444"}}, {"model": "emp.requests", "pk": 10, "fields": {"Title": "asd", "Desc": "asd", "Type": "request", "created_date": "2020-06-29T06:00:00Z", "Replied": false, "Action": null, "Email": "asd@asd.com", "Mobile": "01027905444"}}, {"model": "emp.requests", "pk": 11, "fields": {"Title": "asd", "Desc": "asdasd", "Type": "\u0637\u0644\u0628", "created_date": "2020-06-29T06:39:00Z", "Replied": false, "Action": null, "Email": "a@as.com", "Mobile": "01027905544"}}, {"model": "emp.requests", "pk": 12, "fields": {"Title": "aaaa", "Desc": "asdasd", "Type": "\u0637\u0644\u0628", "created_date": "2020-06-29T06:40:00Z", "Replied": false, "Action": null, "Email": "asd@asd.com", "Mobile": "01027905566"}}, {"model": "emp.requests", "pk": 13, "fields": {"Title": "test type", "Desc": "test type", "Type": "\u0637\u0644\u0628", "created_date": "2020-06-29T06:35:00Z", "Replied": false, "Action": null, "Email": "m@m.com", "Mobile": "01027905888"}}, {"model": "emp.requests", "pk": 14, "fields": {"Title": "asdasdasd", "Desc": "asdff", "Type": "\u0637\u0644\u0628", "created_date": "2020-06-29T06:37:00Z", "Replied": false, "Action": null, "Email": "b@b.com", "Mobile": "01027902222"}}, {"model": "emp.requests", "pk": 15, "fields": {"Title": "testttttt", "Desc": "tttttt", "Type": "\u0637\u0644\u0628", "created_date": "2020-06-29T06:46:00Z", "Replied": false, "Action": null, "Email": "t@t.com", "Mobile": "01027907444"}}, {"model": "emp.requests", "pk": 16, "fields": {"Title": "req with photo", "Desc": "req", "Type": "\u0637\u0644\u0628", "created_date": "2020-07-01T20:44:00Z", "Replied": false, "Action": null, "Email": "aaa@a.com", "Mobile": "01027905444"}}, {"model": "emp.requests", "pk": 17, "fields": {"Title": "test from postman", "Desc": "test from postman", "Type": "\u0637\u0644\u0628", "created_date": "2020-06-29T06:00:00Z", "Replied": false, "Action": null, "Email": "m@m.com", "Mobile": "12312312312"}}, {"model": "emp.requests", "pk": 18, "fields": {"Title": "\u0634\u0634\u0634\u0634\u0634\u0634\u0634\u0634\u0634", "Desc": "aaaaaaaaaaa", "Type": "\u0637\u0644\u0628", "created_date": "2020-07-12T04:24:00Z", "Replied": false, "Action": null, "Email": "t@t.com", "Mobile": "11111111111"}}, {"model": "emp.admin", "pk": 3, "fields": {"NID": "12345678912345", "Username": "mohamed2265", "Password": "2265", "Name": "Muhammad Admin", "Registered": "2020-06-26T17:50:28Z"}}, {"model": "emp.admin", "pk": 4, "fields": {"NID": "12345678912344", "Username": "omar2265", "Password": "2265", "Name": "Omar Admin", "Registered": "2020-06-26T17:50:53Z"}}, {"model": "emp.offer", "pk": 1, "fields": {"admin": 3, "Title": "\u0627\u0639\u0644\u0627\u0646 \u0645\u0647\u0645", "Desc": "\u0627\u0639\u0644\u0627\u0646\u0627\u0627\u0627\u0627\u0627\u0627\u062a\u0627\u0639\u0644\u0627\u0646\u0627\u0627\u0627\u0627\u0627\u0627\u062a\u0627\u0639\u0644\u0627\u0646\u0627\u0627\u0627\u0627\u0627\u0627\u062a", "created_date": "2020-06-26T19:14:21Z", "Installement": "cash", "Cost": 250000.0, "minPayment": null, "Duration": null, "Avatar": "images/943877_782715965166318_5103887798672358260_n.jpg"}}, {"model": "emp.offer", "pk": 2, "fields": {"admin": 3, "Title": "\u0627\u0639\u0644\u0627\u0646\u0627\u0627\u0627\u0627\u0627\u0627\u062a", "Desc": "\u0627\u0639\u0644\u0627\u0646\u0627\u0627\u0627\u0627\u0627\u0627\u062a\u062a\u0627\u0646\u064a", "created_date": "2020-06-26T19:15:20Z", "Installement": "installment", "Cost": 100000.0, "minPayment": null, "Duration": null, "Avatar": "images/12742734_10208477001145135_5317096650497066234_n.jpg"}}, {"model": "emp.offer", "pk": 3, "fields": {"admin": 4, "Title": "\u0627\u0639\u0644\u0627\u0646 \u0645\u0647\u0645 \u0641\u062d\u062a", "Desc": "\u0627\u0639\u0644\u0627\u0646\u0627\u0627\u0627\u0627\u0627\u0627\u062a \u0627\u0639\u0644\u0627\u0646\u0627\u0627\u0627\u0627\u0627\u0627\u062a \u0627\u0639\u0644\u0627\u0646\u0627\u0627\u0627\u0627\u0627\u0627\u062a \u0627\u0639\u0644\u0627\u0646\u0627\u0627\u0627\u0627\u0627\u0627\u062a \u0627\u0639\u0644\u0627\u0646\u0627\u0627\u0627\u0627\u0627\u0627\u062a \u0627\u0639\u0644\u0627\u0646\u0627\u0627\u0627\u0627\u0627\u0627\u062a", "created_date": "2020-06-26T19:16:25Z", "Installement": "installment", "Cost": 360000.0, "minPayment": null, "Duration": null, "Avatar": "images/12834996_1042333659185438_1535761737_n.jpg"}}, {"model": "emp.offer", "pk": 4, "fields": {"admin": 4, "Title": "\u062a\u064a\u0633\u062a\u0627\u0648\u064a", "Desc": "\u0627\u0639\u0644\u0627\u0646\u0627\u0627\u0627\u0627\u0627\u0627\u062a\u062a\u064a\u0633\u062a \u0627\u0639\u0644\u0627\u0646\u0627\u0627\u0627\u0627\u0627\u0627\u062a \u062a\u064a\u0633\u062a \u0627\u0639\u0644\u0627\u0646\u0627\u0627\u0627\u0627\u0627\u0627\u062a", "created_date": "2020-06-26T19:19:00Z", "Installement": "installment", "Cost": 360000000.0, "minPayment": null, "Duration": null, "Avatar": "images/15356613_228934760878369_6557201162641094073_n.jpg"}}, {"model": "emp.offer", "pk": 5, "fields": {"admin": 3, "Title": "test", "Desc": "test test", "created_date": "2020-06-26T22:43:18Z", "Installement": "installment", "Cost": 120000.0, "minPayment": null, "Duration": null, "Avatar": "images/384278_1678873275698748_6004358220941630554_n.jpg"}}, {"model": "emp.offer", "pk": 6, "fields": {"admin": 4, "Title": "test", "Desc": "\u0634\u0634\u0634\u0634\u0634\u0634\u0634\u0634\u0634\u0634\u0634\u0634", "created_date": "2020-06-28T14:40:13Z", "Installement": "\u062a\u0642\u0633\u064a\u0637", "Cost": 100000.0, "minPayment": null, "Duration": null, "Avatar": ""}}, {"model": "emp.news", "pk": 1, "fields": {"admin": 3, "Title": "\u0634\u0627\u0647\u062f \u0642\u0628\u0644 \u0627\u0644\u062d\u0630\u0641", "Desc": "\u062e\u0628\u0631 \u0645\u0647\u0645 \u062c\u062f\u0627\r\n\u062e\u0628\u0631 \u0645\u0647\u0645 \u062c\u062f\u0627\r\n\u062e\u0628\u0631 \u0645\u0647\u0645 \u062c\u062f\u0627\r\n\u062e\u0628\u0631 \u0645\u0647\u0645 \u062c\u062f\u0627", "created_date": "2020-06-26T17:51:55Z", "Avatar": "images/12809539_921950574592729_5448006894277022590_n.jpg"}}, {"model": "emp.news", "pk": 2, "fields": {"admin": 3, "Title": "\u0634\u0627\u0647\u062f \u0642\u0628\u0644 \u0627\u0644\u062d\u0630\u0641 \u062a\u0627\u0646\u064a", "Desc": "\u062e\u0628\u0631 \u0645\u0647\u0645 \u062c\u062f\u0627\u062e\u0628\u0631 \u0645\u0647\u0645 \u062c\u062f\u0627\u062e\u0628\u0631 \u0645\u0647\u0645 \u062c\u062f\u0627\u062e\u0628\u0631 \u0645\u0647\u0645 \u062c\u062f\u0627\u062e\u0628\u0631 \u0645\u0647\u0645 \u062c\u062f\u0627\u062e\u0628\u0631 \u0645\u0647\u0645 \u062c\u062f\u0627", "created_date": "2020-06-26T17:52:27Z", "Avatar": "images/12548995_1697371980486108_5409021099910844242_n.jpg"}}, {"model": "emp.news", "pk": 3, "fields": {"admin": 4, "Title": "\u0627\u0648\u0639\u064a \u0648\u0634\u0643", "Desc": "\u062e\u0628\u0631 \u0645\u0647\u0645 \u062c\u062f\u0627\u062e\u0628\u0631 \u0645\u0647\u0645 \u062c\u062f\u0627\u062e\u0628\u0631 \u0645\u0647\u0645 \u062c\u062f\u0627\u062e\u0628\u0631 \u0645\u0647\u0645 \u062c\u062f\u0627", "created_date": "2020-06-26T17:52:46Z", "Avatar": "images/11227599_995548537171842_6079196245049464310_n.jpg"}}, {"model": "emp.news", "pk": 4, "fields": {"admin": 4, "Title": "\u062e\u0628\u0631 \u0645\u0647\u0645 \u062c\u062f\u0627", "Desc": "\u062e\u0628\u0631 \u0645\u0647\u0645 \u062c\u062f\u0627\u062e\u0628\u0631 \u0645\u0647\u0645 \u062c\u062f\u0627\u062e\u0628\u0631 \u0645\u0647\u0645 \u062c\u062f\u0627\u062e\u0628\u0631 \u0645\u0647\u0645 \u062c\u062f\u0627\u062e\u0628\u0631 \u0645\u0647\u0645 \u062c\u062f\u0627\u062e\u0628\u0631 \u0645\u0647\u0645 \u062c\u062f\u0627\u062e\u0628\u0631 \u0645\u0647\u0645 \u062c\u062f\u0627", "created_date": "2020-06-26T17:52:55Z", "Avatar": "images/1557632_794147704020399_3426310112711953603_n.jpg"}}, {"model": "emp.news", "pk": 5, "fields": {"admin": 3, "Title": "\u062e\u0628\u0631 \u0645\u0647\u0645 \u0627\u0648\u064a", "Desc": "\u062e\u0628\u0631 \u0645\u0647\u0645 \u062c\u062f\u0627\u062e\u0628\u0631 \u0645\u0647\u0645 \u062c\u062f\u0627\u062e\u0628\u0631 \u0645\u0647\u0645 \u062c\u062f\u0627\u062e\u0628\u0631 \u0645\u0647\u0645 \u062c\u062f\u0627\u062e\u0628\u0631 \u0645\u0647\u0645 \u062c\u062f\u0627\u062e\u0628\u0631 \u0645\u0647\u0645 \u062c\u062f\u0627", "created_date": "2020-06-26T17:53:00Z", "Avatar": "images/943945_967969903288455_8192114112453226566_n.png"}}, {"model": "emp.owner", "pk": 1, "fields": {"NID": "12345678912349", "Name": "Muhammad Owner", "Code": 1, "Proof": "images/85ce7c5689.jpg", "Birthdate": "1996-08-01", "Mobile": "01027905444", "DSL": "0224911143", "Avatar": "images/10262197_1149201518426332_6193133170584058589_n.jpg", "isOwner": true, "Notes": "asdasdasdas", "Papers": "images/1916115_961579547256303_4081160781565408820_n.jpg"}}, {"model": "emp.owner", "pk": 2, "fields": {"NID": "12345678912346", "Name": "Omar Owner", "Code": 1, "Proof": "images/943945_967969903288455_8192114112453226566_n.png", "Birthdate": "2000-01-01", "Mobile": "01027904555", "DSL": "0224911143", "Avatar": "images/943945_967969903288455_8192114112453226566_n_gR0xBr5.png", "isOwner": true, "Notes": "asd", "Papers": ""}}, {"model": "emp.owner", "pk": 3, "fields": {"NID": "12345678912345", "Name": "new owner", "Code": 1234, "Proof": "images/1916115_961579547256303_4081160781565408820_n.jpg", "Birthdate": "2020-06-01", "Mobile": "01027905445", "DSL": "0224911143", "Avatar": "images/10906548_1138274286231343_2492073845768148116_n.jpg", "isOwner": true, "Notes": "aasdasd", "Papers": "images/12495046_980601172018760_3791767843575944532_n.jpg"}}, {"model": "emp.compound", "pk": 2, "fields": {"Name": "el zohor", "Address": "ain shams", "Latitude": 12.125, "Longitude": 12.125, "Area": 250.0, "Desc": "hamada"}}, {"model": "emp.block", "pk": 3, "fields": {"compound": 2, "Number": 1, "Area": 300.0, "Desc": "asdasdasd", "towersNumber": 5}}, {"model": "emp.block", "pk": 4, "fields": {"compound": 2, "Number": 2, "Area": 500.0, "Desc": "hamada", "towersNumber": 7}}, {"model": "emp.tower", "pk": 4, "fields": {"block": 3, "Number": 3, "Name": "el mahmoud", "Area": 123.0, "flatsNumber": 40, "Cost": 1000000.0, "Notes": "qwe", "Papers": "images/943877_782715965166318_5103887798672358260_n.jpg", "floorsNumber": 10, "storesNumber": 4, "Type": "residential"}}, {"model": "emp.tower", "pk": 5, "fields": {"block": 3, "Number": 4, "Name": "el fola", "Area": 123.0, "flatsNumber": 40, "Cost": 223.0, "Notes": "123123", "Papers": "images/10544359_961579483922976_3751213701782862403_n.jpg", "floorsNumber": 10, "storesNumber": 5, "Type": "residential"}}, {"model": "emp.flat", "pk": 2, "fields": {"owner": 1, "tower": 5, "Number": 20, "floorNumber": 4, "Area": 150.0, "Desc": "asdasdas", "Inhabited": true}}, {"model": "emp.store", "pk": 1, "fields": {"tower": 4, "Number": 4, "Name": "el folaaaaaa", "Desc": "asdasdas", "Type": "shop"}}, {"model": "emp.store", "pk": 2, "fields": {"tower": 4, "Number": 5, "Name": "el fola", "Desc": "qweqwe", "Type": "cafe"}}, {"model": "emp.ownershipstore", "pk": 3, "fields": {"owner": 1, "store": 1}}, {"model": "emp.ownershipstore", "pk": 4, "fields": {"owner": 2, "store": 1}}, {"model": "emp.family", "pk": 4, "fields": {"owner": 1, "Name": "el fola", "Birthdate": "2020-06-24", "Relationship": "husband", "Proof": "images/12495046_980601172018760_3791767843575944532_n_kiuzyGS.jpg"}}, {"model": "emp.family", "pk": 5, "fields": {"owner": 1, "Name": "folaya", "Birthdate": "1996-08-01", "Relationship": "daughter", "Proof": "images/12742734_10208477001145135_5317096650497066234_n.jpg"}}, {"model": "emp.family", "pk": 6, "fields": {"owner": 2, "Name": "el fola", "Birthdate": "1996-08-01", "Relationship": "son", "Proof": "images/12049495_961579407256317_4401902731646329056_n.jpg"}}, {"model": "auth.permission", "pk": 1, "fields": {"name": "Can add log entry", "content_type": 1, "codename": "add_logentry"}}, {"model": "auth.permission", "pk": 2, "fields": {"name": "Can change log entry", "content_type": 1, "codename": "change_logentry"}}, {"model": "auth.permission", "pk": 3, "fields": {"name": "Can delete log entry", "content_type": 1, "codename": "delete_logentry"}}, {"model": "auth.permission", "pk": 4, "fields": {"name": "Can view log entry", "content_type": 1, "codename": "view_logentry"}}, {"model": "auth.permission", "pk": 5, "fields": {"name": "Can add permission", "content_type": 2, "codename": "add_permission"}}, {"model": "auth.permission", "pk": 6, "fields": {"name": "Can change permission", "content_type": 2, "codename": "change_permission"}}, {"model": "auth.permission", "pk": 7, "fields": {"name": "Can delete permission", "content_type": 2, "codename": "delete_permission"}}, {"model": "auth.permission", "pk": 8, "fields": {"name": "Can view permission", "content_type": 2, "codename": "view_permission"}}, {"model": "auth.permission", "pk": 9, "fields": {"name": "Can add group", "content_type": 3, "codename": "add_group"}}, {"model": "auth.permission", "pk": 10, "fields": {"name": "Can change group", "content_type": 3, "codename": "change_group"}}, {"model": "auth.permission", "pk": 11, "fields": {"name": "Can delete group", "content_type": 3, "codename": "delete_group"}}, {"model": "auth.permission", "pk": 12, "fields": {"name": "Can view group", "content_type": 3, "codename": "view_group"}}, {"model": "auth.permission", "pk": 13, "fields": {"name": "Can add user", "content_type": 4, "codename": "add_user"}}, {"model": "auth.permission", "pk": 14, "fields": {"name": "Can change user", "content_type": 4, "codename": "change_user"}}, {"model": "auth.permission", "pk": 15, "fields": {"name": "Can delete user", "content_type": 4, "codename": "delete_user"}}, {"model": "auth.permission", "pk": 16, "fields": {"name": "Can view user", "content_type": 4, "codename": "view_user"}}, {"model": "auth.permission", "pk": 17, "fields": {"name": "Can add content type", "content_type": 5, "codename": "add_contenttype"}}, {"model": "auth.permission", "pk": 18, "fields": {"name": "Can change content type", "content_type": 5, "codename": "change_contenttype"}}, {"model": "auth.permission", "pk": 19, "fields": {"name": "Can delete content type", "content_type": 5, "codename": "delete_contenttype"}}, {"model": "auth.permission", "pk": 20, "fields": {"name": "Can view content type", "content_type": 5, "codename": "view_contenttype"}}, {"model": "auth.permission", "pk": 21, "fields": {"name": "Can add session", "content_type": 6, "codename": "add_session"}}, {"model": "auth.permission", "pk": 22, "fields": {"name": "Can change session", "content_type": 6, "codename": "change_session"}}, {"model": "auth.permission", "pk": 23, "fields": {"name": "Can delete session", "content_type": 6, "codename": "delete_session"}}, {"model": "auth.permission", "pk": 24, "fields": {"name": "Can view session", "content_type": 6, "codename": "view_session"}}, {"model": "auth.permission", "pk": 25, "fields": {"name": "Can add employee", "content_type": 7, "codename": "add_employee"}}, {"model": "auth.permission", "pk": 26, "fields": {"name": "Can change employee", "content_type": 7, "codename": "change_employee"}}, {"model": "auth.permission", "pk": 27, "fields": {"name": "Can delete employee", "content_type": 7, "codename": "delete_employee"}}, {"model": "auth.permission", "pk": 28, "fields": {"name": "Can view employee", "content_type": 7, "codename": "view_employee"}}, {"model": "auth.permission", "pk": 29, "fields": {"name": "Can add existence", "content_type": 8, "codename": "add_existence"}}, {"model": "auth.permission", "pk": 30, "fields": {"name": "Can change existence", "content_type": 8, "codename": "change_existence"}}, {"model": "auth.permission", "pk": 31, "fields": {"name": "Can delete existence", "content_type": 8, "codename": "delete_existence"}}, {"model": "auth.permission", "pk": 32, "fields": {"name": "Can view existence", "content_type": 8, "codename": "view_existence"}}, {"model": "auth.permission", "pk": 33, "fields": {"name": "Can add requests", "content_type": 9, "codename": "add_requests"}}, {"model": "auth.permission", "pk": 34, "fields": {"name": "Can change requests", "content_type": 9, "codename": "change_requests"}}, {"model": "auth.permission", "pk": 35, "fields": {"name": "Can delete requests", "content_type": 9, "codename": "delete_requests"}}, {"model": "auth.permission", "pk": 36, "fields": {"name": "Can view requests", "content_type": 9, "codename": "view_requests"}}, {"model": "auth.permission", "pk": 37, "fields": {"name": "Can add admin", "content_type": 10, "codename": "add_admin"}}, {"model": "auth.permission", "pk": 38, "fields": {"name": "Can change admin", "content_type": 10, "codename": "change_admin"}}, {"model": "auth.permission", "pk": 39, "fields": {"name": "Can delete admin", "content_type": 10, "codename": "delete_admin"}}, {"model": "auth.permission", "pk": 40, "fields": {"name": "Can view admin", "content_type": 10, "codename": "view_admin"}}, {"model": "auth.permission", "pk": 41, "fields": {"name": "Can add news", "content_type": 11, "codename": "add_news"}}, {"model": "auth.permission", "pk": 42, "fields": {"name": "Can change news", "content_type": 11, "codename": "change_news"}}, {"model": "auth.permission", "pk": 43, "fields": {"name": "Can delete news", "content_type": 11, "codename": "delete_news"}}, {"model": "auth.permission", "pk": 44, "fields": {"name": "Can view news", "content_type": 11, "codename": "view_news"}}, {"model": "auth.permission", "pk": 45, "fields": {"name": "Can add offer", "content_type": 12, "codename": "add_offer"}}, {"model": "auth.permission", "pk": 46, "fields": {"name": "Can change offer", "content_type": 12, "codename": "change_offer"}}, {"model": "auth.permission", "pk": 47, "fields": {"name": "Can delete offer", "content_type": 12, "codename": "delete_offer"}}, {"model": "auth.permission", "pk": 48, "fields": {"name": "Can view offer", "content_type": 12, "codename": "view_offer"}}, {"model": "auth.permission", "pk": 49, "fields": {"name": "Can add flat", "content_type": 13, "codename": "add_flat"}}, {"model": "auth.permission", "pk": 50, "fields": {"name": "Can change flat", "content_type": 13, "codename": "change_flat"}}, {"model": "auth.permission", "pk": 51, "fields": {"name": "Can delete flat", "content_type": 13, "codename": "delete_flat"}}, {"model": "auth.permission", "pk": 52, "fields": {"name": "Can view flat", "content_type": 13, "codename": "view_flat"}}, {"model": "auth.permission", "pk": 53, "fields": {"name": "Can add family", "content_type": 14, "codename": "add_family"}}, {"model": "auth.permission", "pk": 54, "fields": {"name": "Can change family", "content_type": 14, "codename": "change_family"}}, {"model": "auth.permission", "pk": 55, "fields": {"name": "Can delete family", "content_type": 14, "codename": "delete_family"}}, {"model": "auth.permission", "pk": 56, "fields": {"name": "Can view family", "content_type": 14, "codename": "view_family"}}, {"model": "auth.permission", "pk": 57, "fields": {"name": "Can add compound", "content_type": 15, "codename": "add_compound"}}, {"model": "auth.permission", "pk": 58, "fields": {"name": "Can change compound", "content_type": 15, "codename": "change_compound"}}, {"model": "auth.permission", "pk": 59, "fields": {"name": "Can delete compound", "content_type": 15, "codename": "delete_compound"}}, {"model": "auth.permission", "pk": 60, "fields": {"name": "Can view compound", "content_type": 15, "codename": "view_compound"}}, {"model": "auth.permission", "pk": 61, "fields": {"name": "Can add tower", "content_type": 16, "codename": "add_tower"}}, {"model": "auth.permission", "pk": 62, "fields": {"name": "Can change tower", "content_type": 16, "codename": "change_tower"}}, {"model": "auth.permission", "pk": 63, "fields": {"name": "Can delete tower", "content_type": 16, "codename": "delete_tower"}}, {"model": "auth.permission", "pk": 64, "fields": {"name": "Can view tower", "content_type": 16, "codename": "view_tower"}}, {"model": "auth.permission", "pk": 65, "fields": {"name": "Can add store", "content_type": 17, "codename": "add_store"}}, {"model": "auth.permission", "pk": 66, "fields": {"name": "Can change store", "content_type": 17, "codename": "change_store"}}, {"model": "auth.permission", "pk": 67, "fields": {"name": "Can delete store", "content_type": 17, "codename": "delete_store"}}, {"model": "auth.permission", "pk": 68, "fields": {"name": "Can view store", "content_type": 17, "codename": "view_store"}}, {"model": "auth.permission", "pk": 69, "fields": {"name": "Can add owner", "content_type": 18, "codename": "add_owner"}}, {"model": "auth.permission", "pk": 70, "fields": {"name": "Can change owner", "content_type": 18, "codename": "change_owner"}}, {"model": "auth.permission", "pk": 71, "fields": {"name": "Can delete owner", "content_type": 18, "codename": "delete_owner"}}, {"model": "auth.permission", "pk": 72, "fields": {"name": "Can view owner", "content_type": 18, "codename": "view_owner"}}, {"model": "auth.permission", "pk": 73, "fields": {"name": "Can add ownership tower", "content_type": 19, "codename": "add_ownershiptower"}}, {"model": "auth.permission", "pk": 74, "fields": {"name": "Can change ownership tower", "content_type": 19, "codename": "change_ownershiptower"}}, {"model": "auth.permission", "pk": 75, "fields": {"name": "Can delete ownership tower", "content_type": 19, "codename": "delete_ownershiptower"}}, {"model": "auth.permission", "pk": 76, "fields": {"name": "Can view ownership tower", "content_type": 19, "codename": "view_ownershiptower"}}, {"model": "auth.permission", "pk": 77, "fields": {"name": "Can add ownership store", "content_type": 20, "codename": "add_ownershipstore"}}, {"model": "auth.permission", "pk": 78, "fields": {"name": "Can change ownership store", "content_type": 20, "codename": "change_ownershipstore"}}, {"model": "auth.permission", "pk": 79, "fields": {"name": "Can delete ownership store", "content_type": 20, "codename": "delete_ownershipstore"}}, {"model": "auth.permission", "pk": 80, "fields": {"name": "Can view ownership store", "content_type": 20, "codename": "view_ownershipstore"}}, {"model": "auth.permission", "pk": 81, "fields": {"name": "Can add block", "content_type": 21, "codename": "add_block"}}, {"model": "auth.permission", "pk": 82, "fields": {"name": "Can change block", "content_type": 21, "codename": "change_block"}}, {"model": "auth.permission", "pk": 83, "fields": {"name": "Can delete block", "content_type": 21, "codename": "delete_block"}}, {"model": "auth.permission", "pk": 84, "fields": {"name": "Can view block", "content_type": 21, "codename": "view_block"}}, {"model": "auth.permission", "pk": 85, "fields": {"name": "Can add Token", "content_type": 22, "codename": "add_token"}}, {"model": "auth.permission", "pk": 86, "fields": {"name": "Can change Token", "content_type": 22, "codename": "change_token"}}, {"model": "auth.permission", "pk": 87, "fields": {"name": "Can delete Token", "content_type": 22, "codename": "delete_token"}}, {"model": "auth.permission", "pk": 88, "fields": {"name": "Can view Token", "content_type": 22, "codename": "view_token"}}, {"model": "auth.user", "pk": 1, "fields": {"password": "pbkdf2_sha256$180000$DHqG0TzE9zFQ$p4S/pKRQGGn404CRD1aQX+jTVQx3olXUGNmRXzgqX/k=", "last_login": "2020-06-28T10:15:37.056Z", "is_superuser": true, "username": "admin", "first_name": "", "last_name": "", "email": "mohamed.fcih2265@gmail.com", "is_staff": true, "is_active": true, "date_joined": "2020-06-23T01:28:17.035Z", "groups": [], "user_permissions": []}}, {"model": "auth.user", "pk": 2, "fields": {"password": "pbkdf2_sha256$180000$tqEjE7ZfQ63e$EFCa6QK+orucP8Vf+LqsIDfYynZuA6UXvngsJlfRNo4=", "last_login": null, "is_superuser": false, "username": "mohameda2265", "first_name": "", "last_name": "", "email": "", "is_staff": false, "is_active": true, "date_joined": "2020-07-04T21:14:01.922Z", "groups": [], "user_permissions": []}}, {"model": "authtoken.token", "pk": "f37170361c36cfde1e0a8ac2a9303f83cd82e3e6", "fields": {"user": 2, "created": "2020-07-04T21:25:00.660Z"}}, {"model": "admin.logentry", "pk": 1, "fields": {"action_time": "2020-06-23T22:42:10.116Z", "user": 1, "content_type": 10, "object_id": "1", "object_repr": "mohamed2265", "action_flag": 1, "change_message": "[{\"added\": {}}]"}}, {"model": "admin.logentry", "pk": 2, "fields": {"action_time": "2020-06-23T22:43:28.673Z", "user": 1, "content_type": 10, "object_id": "2", "object_repr": "mohamed22655", "action_flag": 1, "change_message": "[{\"added\": {}}]"}}, {"model": "admin.logentry", "pk": 3, "fields": {"action_time": "2020-06-23T22:47:21.377Z", "user": 1, "content_type": 18, "object_id": "1", "object_repr": "Muhammad Ashraf", "action_flag": 1, "change_message": "[{\"added\": {}}]"}}, {"model": "admin.logentry", "pk": 4, "fields": {"action_time": "2020-06-23T22:51:47.279Z", "user": 1, "content_type": 18, "object_id": "2", "object_repr": "Omar Ashraf", "action_flag": 1, "change_message": "[{\"added\": {}}]"}}, {"model": "admin.logentry", "pk": 5, "fields": {"action_time": "2020-06-23T22:52:44.789Z", "user": 1, "content_type": 15, "object_id": "1", "object_repr": "el zohor", "action_flag": 1, "change_message": "[{\"added\": {}}]"}}, {"model": "admin.logentry", "pk": 6, "fields": {"action_time": "2020-06-23T22:56:38.307Z", "user": 1, "content_type": 21, "object_id": "1", "object_repr": "1", "action_flag": 1, "change_message": "[{\"added\": {}}]"}}, {"model": "admin.logentry", "pk": 7, "fields": {"action_time": "2020-06-23T22:58:18.437Z", "user": 1, "content_type": 21, "object_id": "2", "object_repr": "2", "action_flag": 1, "change_message": "[{\"added\": {}}]"}}, {"model": "admin.logentry", "pk": 8, "fields": {"action_time": "2020-06-23T23:06:44.139Z", "user": 1, "content_type": 16, "object_id": "1", "object_repr": "1", "action_flag": 1, "change_message": "[{\"added\": {}}]"}}, {"model": "admin.logentry", "pk": 9, "fields": {"action_time": "2020-06-23T23:07:29.448Z", "user": 1, "content_type": 16, "object_id": "2", "object_repr": "2", "action_flag": 1, "change_message": "[{\"added\": {}}]"}}, {"model": "admin.logentry", "pk": 10, "fields": {"action_time": "2020-06-23T23:10:57.604Z", "user": 1, "content_type": 16, "object_id": "3", "object_repr": "1", "action_flag": 1, "change_message": "[{\"added\": {}}]"}}, {"model": "admin.logentry", "pk": 11, "fields": {"action_time": "2020-06-23T23:20:30.567Z", "user": 1, "content_type": 18, "object_id": "1", "object_repr": "Muhammad Owner", "action_flag": 2, "change_message": "[{\"changed\": {\"fields\": [\"Name\"]}}]"}}, {"model": "admin.logentry", "pk": 12, "fields": {"action_time": "2020-06-23T23:20:44.286Z", "user": 1, "content_type": 18, "object_id": "2", "object_repr": "Omar Owner", "action_flag": 2, "change_message": "[{\"changed\": {\"fields\": [\"Name\"]}}]"}}, {"model": "admin.logentry", "pk": 13, "fields": {"action_time": "2020-06-23T23:21:00.359Z", "user": 1, "content_type": 10, "object_id": "2", "object_repr": "mohamed22655", "action_flag": 2, "change_message": "[{\"changed\": {\"fields\": [\"Name\"]}}]"}}, {"model": "admin.logentry", "pk": 14, "fields": {"action_time": "2020-06-23T23:21:14.755Z", "user": 1, "content_type": 10, "object_id": "1", "object_repr": "mohamed2265", "action_flag": 2, "change_message": "[{\"changed\": {\"fields\": [\"Name\"]}}]"}}, {"model": "admin.logentry", "pk": 15, "fields": {"action_time": "2020-06-23T23:59:34.144Z", "user": 1, "content_type": 13, "object_id": "1", "object_repr": "Owner : Muhammad Owner Tower : 1 Flat : 5", "action_flag": 1, "change_message": "[{\"added\": {}}]"}}, {"model": "admin.logentry", "pk": 16, "fields": {"action_time": "2020-06-24T00:10:40.221Z", "user": 1, "content_type": 17, "object_id": "1", "object_repr": "computer mall", "action_flag": 1, "change_message": "[{\"added\": {}}]"}}, {"model": "admin.logentry", "pk": 17, "fields": {"action_time": "2020-06-24T00:22:36.238Z", "user": 1, "content_type": 19, "object_id": "1", "object_repr": "ownershipTower object (1)", "action_flag": 1, "change_message": "[{\"added\": {}}]"}}, {"model": "admin.logentry", "pk": 18, "fields": {"action_time": "2020-06-24T00:22:52.868Z", "user": 1, "content_type": 19, "object_id": "1", "object_repr": "ownershipTower object (1)", "action_flag": 3, "change_message": ""}}, {"model": "admin.logentry", "pk": 19, "fields": {"action_time": "2020-06-24T00:23:27.153Z", "user": 1, "content_type": 19, "object_id": "2", "object_repr": "Owner : Muhammad Owner Store : el mahmoud", "action_flag": 1, "change_message": "[{\"added\": {}}]"}}, {"model": "admin.logentry", "pk": 20, "fields": {"action_time": "2020-06-24T00:23:35.947Z", "user": 1, "content_type": 19, "object_id": "3", "object_repr": "Owner : Omar Owner Store : el mahmoud", "action_flag": 1, "change_message": "[{\"added\": {}}]"}}, {"model": "admin.logentry", "pk": 21, "fields": {"action_time": "2020-06-24T00:23:59.097Z", "user": 1, "content_type": 19, "object_id": "3", "object_repr": "Owner : Omar Owner Tower : el mahmoud", "action_flag": 3, "change_message": ""}}, {"model": "admin.logentry", "pk": 22, "fields": {"action_time": "2020-06-24T00:23:59.292Z", "user": 1, "content_type": 19, "object_id": "2", "object_repr": "Owner : Muhammad Owner Tower : el mahmoud", "action_flag": 3, "change_message": ""}}, {"model": "admin.logentry", "pk": 23, "fields": {"action_time": "2020-06-24T00:24:04.956Z", "user": 1, "content_type": 19, "object_id": "4", "object_repr": "Owner : Muhammad Owner Tower : el mahmoud", "action_flag": 1, "change_message": "[{\"added\": {}}]"}}, {"model": "admin.logentry", "pk": 24, "fields": {"action_time": "2020-06-24T00:24:08.350Z", "user": 1, "content_type": 19, "object_id": "5", "object_repr": "Owner : Omar Owner Tower : el mahmoud", "action_flag": 1, "change_message": "[{\"added\": {}}]"}}, {"model": "admin.logentry", "pk": 25, "fields": {"action_time": "2020-06-24T00:24:44.241Z", "user": 1, "content_type": 20, "object_id": "1", "object_repr": "Owner : Muhammad Owner Store : computer mall", "action_flag": 1, "change_message": "[{\"added\": {}}]"}}, {"model": "admin.logentry", "pk": 26, "fields": {"action_time": "2020-06-24T00:24:47.795Z", "user": 1, "content_type": 20, "object_id": "2", "object_repr": "Owner : Omar Owner Store : computer mall", "action_flag": 1, "change_message": "[{\"added\": {}}]"}}, {"model": "admin.logentry", "pk": 27, "fields": {"action_time": "2020-06-24T00:25:30.875Z", "user": 1, "content_type": 14, "object_id": "1", "object_repr": "hamadaya", "action_flag": 1, "change_message": "[{\"added\": {}}]"}}, {"model": "admin.logentry", "pk": 28, "fields": {"action_time": "2020-06-24T00:25:47.609Z", "user": 1, "content_type": 14, "object_id": "2", "object_repr": "hamada", "action_flag": 1, "change_message": "[{\"added\": {}}]"}}, {"model": "admin.logentry", "pk": 29, "fields": {"action_time": "2020-06-24T00:26:00.454Z", "user": 1, "content_type": 14, "object_id": "3", "object_repr": "hamoda", "action_flag": 1, "change_message": "[{\"added\": {}}]"}}, {"model": "admin.logentry", "pk": 30, "fields": {"action_time": "2020-06-24T00:27:32.386Z", "user": 1, "content_type": 10, "object_id": "2", "object_repr": "mohamed22655", "action_flag": 3, "change_message": ""}}, {"model": "admin.logentry", "pk": 31, "fields": {"action_time": "2020-06-24T00:27:32.625Z", "user": 1, "content_type": 10, "object_id": "1", "object_repr": "mohamed2265", "action_flag": 3, "change_message": ""}}, {"model": "admin.logentry", "pk": 32, "fields": {"action_time": "2020-06-24T00:27:48.427Z", "user": 1, "content_type": 18, "object_id": "2", "object_repr": "Omar Owner", "action_flag": 3, "change_message": ""}}, {"model": "admin.logentry", "pk": 33, "fields": {"action_time": "2020-06-24T00:27:48.720Z", "user": 1, "content_type": 18, "object_id": "1", "object_repr": "Muhammad Owner", "action_flag": 3, "change_message": ""}}, {"model": "admin.logentry", "pk": 34, "fields": {"action_time": "2020-06-24T00:28:04.561Z", "user": 1, "content_type": 21, "object_id": "2", "object_repr": "Compound : 1 Block : 2", "action_flag": 3, "change_message": ""}}, {"model": "admin.logentry", "pk": 35, "fields": {"action_time": "2020-06-24T00:28:04.915Z", "user": 1, "content_type": 21, "object_id": "1", "object_repr": "Compound : 1 Block : 1", "action_flag": 3, "change_message": ""}}, {"model": "admin.logentry", "pk": 36, "fields": {"action_time": "2020-06-24T00:28:12.693Z", "user": 1, "content_type": 15, "object_id": "1", "object_repr": "el zohor", "action_flag": 3, "change_message": ""}}, {"model": "admin.logentry", "pk": 37, "fields": {"action_time": "2020-06-24T22:53:37.378Z", "user": 1, "content_type": 18, "object_id": "1", "object_repr": "Muhammad Owner", "action_flag": 1, "change_message": "[{\"added\": {}}]"}}, {"model": "admin.logentry", "pk": 38, "fields": {"action_time": "2020-06-24T22:57:13.415Z", "user": 1, "content_type": 15, "object_id": "2", "object_repr": "el zohor", "action_flag": 1, "change_message": "[{\"added\": {}}]"}}, {"model": "admin.logentry", "pk": 39, "fields": {"action_time": "2020-06-24T22:59:36.694Z", "user": 1, "content_type": 21, "object_id": "3", "object_repr": "Compound : 2 Block : 1", "action_flag": 1, "change_message": "[{\"added\": {}}]"}}, {"model": "admin.logentry", "pk": 40, "fields": {"action_time": "2020-06-24T22:59:53.370Z", "user": 1, "content_type": 21, "object_id": "4", "object_repr": "Compound : 2 Block : 2", "action_flag": 1, "change_message": "[{\"added\": {}}]"}}, {"model": "admin.logentry", "pk": 41, "fields": {"action_time": "2020-06-24T23:01:08.397Z", "user": 1, "content_type": 16, "object_id": "4", "object_repr": "block : 3 Tower : 3", "action_flag": 1, "change_message": "[{\"added\": {}}]"}}, {"model": "admin.logentry", "pk": 42, "fields": {"action_time": "2020-06-24T23:01:44.867Z", "user": 1, "content_type": 16, "object_id": "5", "object_repr": "block : 3 Tower : 4", "action_flag": 1, "change_message": "[{\"added\": {}}]"}}, {"model": "admin.logentry", "pk": 43, "fields": {"action_time": "2020-06-24T23:02:40.847Z", "user": 1, "content_type": 13, "object_id": "2", "object_repr": "Owner : Muhammad Owner Tower : 5 Flat : 20", "action_flag": 1, "change_message": "[{\"added\": {}}]"}}, {"model": "admin.logentry", "pk": 44, "fields": {"action_time": "2020-06-24T23:03:52.154Z", "user": 1, "content_type": 18, "object_id": "2", "object_repr": "Omar Owner", "action_flag": 1, "change_message": "[{\"added\": {}}]"}}, {"model": "admin.logentry", "pk": 45, "fields": {"action_time": "2020-06-24T23:04:14.580Z", "user": 1, "content_type": 17, "object_id": "1", "object_repr": "el fola", "action_flag": 1, "change_message": "[{\"added\": {}}]"}}, {"model": "admin.logentry", "pk": 46, "fields": {"action_time": "2020-06-24T23:04:28.062Z", "user": 1, "content_type": 17, "object_id": "2", "object_repr": "el fola", "action_flag": 1, "change_message": "[{\"added\": {}}]"}}, {"model": "admin.logentry", "pk": 47, "fields": {"action_time": "2020-06-24T23:04:36.889Z", "user": 1, "content_type": 17, "object_id": "1", "object_repr": "el folaaaaaa", "action_flag": 2, "change_message": "[{\"changed\": {\"fields\": [\"Name\"]}}]"}}, {"model": "admin.logentry", "pk": 48, "fields": {"action_time": "2020-06-24T23:05:29.824Z", "user": 1, "content_type": 20, "object_id": "3", "object_repr": "Owner : Muhammad Owner Store : el folaaaaaa", "action_flag": 1, "change_message": "[{\"added\": {}}]"}}, {"model": "admin.logentry", "pk": 49, "fields": {"action_time": "2020-06-24T23:05:34.408Z", "user": 1, "content_type": 20, "object_id": "4", "object_repr": "Owner : Omar Owner Store : el folaaaaaa", "action_flag": 1, "change_message": "[{\"added\": {}}]"}}, {"model": "admin.logentry", "pk": 50, "fields": {"action_time": "2020-06-24T23:06:11.843Z", "user": 1, "content_type": 14, "object_id": "4", "object_repr": "loza", "action_flag": 1, "change_message": "[{\"added\": {}}]"}}, {"model": "admin.logentry", "pk": 51, "fields": {"action_time": "2020-06-24T23:06:34.224Z", "user": 1, "content_type": 14, "object_id": "5", "object_repr": "folaya", "action_flag": 1, "change_message": "[{\"added\": {}}]"}}, {"model": "admin.logentry", "pk": 52, "fields": {"action_time": "2020-06-24T23:06:45.483Z", "user": 1, "content_type": 14, "object_id": "6", "object_repr": "el fola", "action_flag": 1, "change_message": "[{\"added\": {}}]"}}, {"model": "admin.logentry", "pk": 53, "fields": {"action_time": "2020-06-26T17:50:51.248Z", "user": 1, "content_type": 10, "object_id": "3", "object_repr": "mohamed2265", "action_flag": 1, "change_message": "[{\"added\": {}}]"}}, {"model": "admin.logentry", "pk": 54, "fields": {"action_time": "2020-06-26T17:51:28.690Z", "user": 1, "content_type": 10, "object_id": "4", "object_repr": "omar2265", "action_flag": 1, "change_message": "[{\"added\": {}}]"}}, {"model": "admin.logentry", "pk": 55, "fields": {"action_time": "2020-06-26T17:52:27.281Z", "user": 1, "content_type": 11, "object_id": "1", "object_repr": "\u0634\u0627\u0647\u062f \u0642\u0628\u0644 \u0627\u0644\u062d\u0630\u0641", "action_flag": 1, "change_message": "[{\"added\": {}}]"}}, {"model": "admin.logentry", "pk": 56, "fields": {"action_time": "2020-06-26T17:52:46.464Z", "user": 1, "content_type": 11, "object_id": "2", "object_repr": "\u0634\u0627\u0647\u062f \u0642\u0628\u0644 \u0627\u0644\u062d\u0630\u0641 \u062a\u0627\u0646\u064a", "action_flag": 1, "change_message": "[{\"added\": {}}]"}}, {"model": "admin.logentry", "pk": 57, "fields": {"action_time": "2020-06-26T17:52:54.804Z", "user": 1, "content_type": 11, "object_id": "3", "object_repr": "\u0627\u0648\u0639\u064a \u0648\u0634\u0643", "action_flag": 1, "change_message": "[{\"added\": {}}]"}}, {"model": "admin.logentry", "pk": 58, "fields": {"action_time": "2020-06-26T17:53:00.369Z", "user": 1, "content_type": 11, "object_id": "4", "object_repr": "\u062e\u0628\u0631 \u0645\u0647\u0645 \u062c\u062f\u0627", "action_flag": 1, "change_message": "[{\"added\": {}}]"}}, {"model": "admin.logentry", "pk": 59, "fields": {"action_time": "2020-06-26T17:53:12.113Z", "user": 1, "content_type": 11, "object_id": "5", "object_repr": "\u062e\u0628\u0631 \u0645\u0647\u0645 \u0627\u0648\u064a", "action_flag": 1, "change_message": "[{\"added\": {}}]"}}, {"model": "admin.logentry", "pk": 60, "fields": {"action_time": "2020-06-26T18:04:36.618Z", "user": 1, "content_type": 11, "object_id": "5", "object_repr": "\u062e\u0628\u0631 \u0645\u0647\u0645 \u0627\u0648\u064a", "action_flag": 2, "change_message": "[{\"changed\": {\"fields\": [\"Avatar\"]}}]"}}, {"model": "admin.logentry", "pk": 61, "fields": {"action_time": "2020-06-26T18:04:50.306Z", "user": 1, "content_type": 11, "object_id": "4", "object_repr": "\u062e\u0628\u0631 \u0645\u0647\u0645 \u062c\u062f\u0627", "action_flag": 2, "change_message": "[{\"changed\": {\"fields\": [\"Avatar\"]}}]"}}, {"model": "admin.logentry", "pk": 62, "fields": {"action_time": "2020-06-26T18:05:01.479Z", "user": 1, "content_type": 11, "object_id": "3", "object_repr": "\u0627\u0648\u0639\u064a \u0648\u0634\u0643", "action_flag": 2, "change_message": "[{\"changed\": {\"fields\": [\"Avatar\"]}}]"}}, {"model": "admin.logentry", "pk": 63, "fields": {"action_time": "2020-06-26T18:05:17.092Z", "user": 1, "content_type": 11, "object_id": "2", "object_repr": "\u0634\u0627\u0647\u062f \u0642\u0628\u0644 \u0627\u0644\u062d\u0630\u0641 \u062a\u0627\u0646\u064a", "action_flag": 2, "change_message": "[{\"changed\": {\"fields\": [\"Avatar\"]}}]"}}, {"model": "admin.logentry", "pk": 64, "fields": {"action_time": "2020-06-26T18:06:15.762Z", "user": 1, "content_type": 11, "object_id": "1", "object_repr": "\u0634\u0627\u0647\u062f \u0642\u0628\u0644 \u0627\u0644\u062d\u0630\u0641", "action_flag": 2, "change_message": "[{\"changed\": {\"fields\": [\"Avatar\"]}}]"}}, {"model": "admin.logentry", "pk": 65, "fields": {"action_time": "2020-06-26T19:15:20.081Z", "user": 1, "content_type": 12, "object_id": "1", "object_repr": "\u0627\u0639\u0644\u0627\u0646 \u0645\u0647\u0645", "action_flag": 1, "change_message": "[{\"added\": {}}]"}}, {"model": "admin.logentry", "pk": 66, "fields": {"action_time": "2020-06-26T19:16:24.228Z", "user": 1, "content_type": 12, "object_id": "2", "object_repr": "\u0627\u0639\u0644\u0627\u0646\u0627\u0627\u0627\u0627\u0627\u0627\u062a", "action_flag": 1, "change_message": "[{\"added\": {}}]"}}, {"model": "admin.logentry", "pk": 67, "fields": {"action_time": "2020-06-26T19:19:00.606Z", "user": 1, "content_type": 12, "object_id": "3", "object_repr": "\u0627\u0639\u0644\u0627\u0646 \u0645\u0647\u0645 \u0641\u062d\u062a", "action_flag": 1, "change_message": "[{\"added\": {}}]"}}, {"model": "admin.logentry", "pk": 68, "fields": {"action_time": "2020-06-26T19:19:45.994Z", "user": 1, "content_type": 12, "object_id": "4", "object_repr": "\u062a\u064a\u0633\u062a\u0627\u0648\u064a", "action_flag": 1, "change_message": "[{\"added\": {}}]"}}, {"model": "admin.logentry", "pk": 69, "fields": {"action_time": "2020-06-26T22:43:35.710Z", "user": 1, "content_type": 12, "object_id": "5", "object_repr": "test", "action_flag": 1, "change_message": "[{\"added\": {}}]"}}, {"model": "admin.logentry", "pk": 70, "fields": {"action_time": "2020-06-28T14:41:46.540Z", "user": 1, "content_type": 12, "object_id": "6", "object_repr": "test", "action_flag": 1, "change_message": "[{\"added\": {}}]"}}, {"model": "admin.logentry", "pk": 71, "fields": {"action_time": "2020-07-04T21:14:02.381Z", "user": 1, "content_type": 4, "object_id": "2", "object_repr": "mohameda2265", "action_flag": 1, "change_message": "[{\"added\": {}}]"}}]